label	direct_eigen
.snakemake_times!inclusive.both	1.0
.snakemake_times!inclusive.gain	1.0
.snakemake_times!inclusive.loss	1.0
.snakemake_times!stringent.both	1.0
.snakemake_times!stringent.gain	1.0
.snakemake_times!stringent.loss	1.0
All-genes.all.cds!inclusive.both	0.3098418868171232
All-genes.all.cds!inclusive.gain	0.012427591314277293
All-genes.all.cds!inclusive.loss	0.9981183964695117
All-genes.all.cds!stringent.both	0.9999996240791426
All-genes.all.cds!stringent.gain	0.623926317082979
All-genes.all.cds!stringent.loss	0.9999999981202637
All-genes.all.exon!inclusive.both	0.24426513137050507
All-genes.all.exon!inclusive.gain	0.000464361424257528
All-genes.all.exon!inclusive.loss	0.9974548320893803
All-genes.all.exon!stringent.both	0.9999888977407573
All-genes.all.exon!stringent.gain	0.18612186447400622
All-genes.all.exon!stringent.loss	1.000000001993282
All-genes.all.intron!inclusive.both	0.9349961329740445
All-genes.all.intron!inclusive.gain	0.012927931773573313
All-genes.all.intron!inclusive.loss	0.9999992683591472
All-genes.all.intron!stringent.both	1.0000000450441924
All-genes.all.intron!stringent.gain	0.2892697709914226
All-genes.all.intron!stringent.loss	1.000000002272533
All-genes.all.trans!inclusive.both	2.834513405093742e-05
All-genes.all.trans!inclusive.gain	3.5793911577270227e-07
All-genes.all.trans!inclusive.loss	0.581190596751102
All-genes.all.trans!stringent.both	0.960238992689543
All-genes.all.trans!stringent.gain	0.03491655869691028
All-genes.all.trans!stringent.loss	0.9996384393962667
All-genes.lex-smallest.cds!inclusive.both	0.5490349216900497
All-genes.lex-smallest.cds!inclusive.gain	0.024995109308852792
All-genes.lex-smallest.cds!inclusive.loss	0.9994400614935903
All-genes.lex-smallest.cds!stringent.both	0.9999988270020347
All-genes.lex-smallest.cds!stringent.gain	0.7047724262292643
All-genes.lex-smallest.cds!stringent.loss	0.9999999831259736
All-genes.lex-smallest.exon!inclusive.both	0.3318610258619928
All-genes.lex-smallest.exon!inclusive.gain	0.0007518268462396765
All-genes.lex-smallest.exon!inclusive.loss	0.9983178333114202
All-genes.lex-smallest.exon!stringent.both	0.9999847734698866
All-genes.lex-smallest.exon!stringent.gain	0.18841455152378284
All-genes.lex-smallest.exon!stringent.loss	0.9999999983469685
All-genes.lex-smallest.intron!inclusive.both	0.9701383521830619
All-genes.lex-smallest.intron!inclusive.gain	0.03406397352185569
All-genes.lex-smallest.intron!inclusive.loss	0.9999995836114062
All-genes.lex-smallest.intron!stringent.both	1.000000127066761
All-genes.lex-smallest.intron!stringent.gain	0.41544724125461624
All-genes.lex-smallest.intron!stringent.loss	1.0000000016143948
All-genes.lex-smallest.trans!inclusive.both	0.00033028991492845607
All-genes.lex-smallest.trans!inclusive.gain	5.99444317897525e-07
All-genes.lex-smallest.trans!inclusive.loss	0.803319347054294
All-genes.lex-smallest.trans!stringent.both	0.9772362551565806
All-genes.lex-smallest.trans!stringent.gain	0.07026247021043117
All-genes.lex-smallest.trans!stringent.loss	0.9997633812643814
CGD-dom.all.cds!inclusive.both	0.9512160803380961
CGD-dom.all.cds!inclusive.gain	0.6955898078767506
CGD-dom.all.cds!inclusive.loss	0.9875077906966897
CGD-dom.all.cds!stringent.both	0.9993193861034277
CGD-dom.all.cds!stringent.gain	0.9962159992290388
CGD-dom.all.cds!stringent.loss	0.999507990370712
CGD-dom.all.exon!inclusive.both	0.9987244200003257
CGD-dom.all.exon!inclusive.gain	0.8059414101340743
CGD-dom.all.exon!inclusive.loss	0.9992322373259314
CGD-dom.all.exon!stringent.both	0.9999865905378208
CGD-dom.all.exon!stringent.gain	0.9900237054321843
CGD-dom.all.exon!stringent.loss	0.9999412040415117
CGD-dom.all.intron!inclusive.both	0.9990209502155977
CGD-dom.all.intron!inclusive.gain	0.87266893762387
CGD-dom.all.intron!inclusive.loss	0.9992834610932777
CGD-dom.all.intron!stringent.both	0.9998888535100517
CGD-dom.all.intron!stringent.gain	0.9886386052990829
CGD-dom.all.intron!stringent.loss	0.9996664499340077
CGD-dom.all.trans!inclusive.both	0.9871075732860599
CGD-dom.all.trans!inclusive.gain	0.5604469433648562
CGD-dom.all.trans!inclusive.loss	0.9980469401371704
CGD-dom.all.trans!stringent.both	0.999905406102451
CGD-dom.all.trans!stringent.gain	0.9992999767502247
CGD-dom.all.trans!stringent.loss	0.9998972976810112
CGD-dom.lex-smallest.cds!inclusive.both	0.8962124091964908
CGD-dom.lex-smallest.cds!inclusive.gain	0.7607162426199238
CGD-dom.lex-smallest.cds!inclusive.loss	0.9774828606437812
CGD-dom.lex-smallest.cds!stringent.both	0.9986819995713763
CGD-dom.lex-smallest.cds!stringent.gain	0.9961762776819798
CGD-dom.lex-smallest.cds!stringent.loss	0.9991902717282145
CGD-dom.lex-smallest.exon!inclusive.both	0.9943176944906981
CGD-dom.lex-smallest.exon!inclusive.gain	0.7086347913076272
CGD-dom.lex-smallest.exon!inclusive.loss	0.9980123539298088
CGD-dom.lex-smallest.exon!stringent.both	0.9999720678272443
CGD-dom.lex-smallest.exon!stringent.gain	0.9700958456812838
CGD-dom.lex-smallest.exon!stringent.loss	0.9999703292558323
CGD-dom.lex-smallest.intron!inclusive.both	0.9968099135735258
CGD-dom.lex-smallest.intron!inclusive.gain	0.8504605391332689
CGD-dom.lex-smallest.intron!inclusive.loss	0.9979759655545323
CGD-dom.lex-smallest.intron!stringent.both	0.9999435380638962
CGD-dom.lex-smallest.intron!stringent.gain	0.9811885638823196
CGD-dom.lex-smallest.intron!stringent.loss	0.9999259259633063
CGD-dom.lex-smallest.trans!inclusive.both	0.9700591927919954
CGD-dom.lex-smallest.trans!inclusive.gain	0.6770845627221272
CGD-dom.lex-smallest.trans!inclusive.loss	0.9973767428090723
CGD-dom.lex-smallest.trans!stringent.both	0.9999437680151078
CGD-dom.lex-smallest.trans!stringent.gain	0.9988344135230638
CGD-dom.lex-smallest.trans!stringent.loss	0.9999518539493146
CGD-rec.all.cds!inclusive.both	0.9705778144691277
CGD-rec.all.cds!inclusive.gain	0.678333477900106
CGD-rec.all.cds!inclusive.loss	0.9995951924968078
CGD-rec.all.cds!stringent.both	0.9999992092758406
CGD-rec.all.cds!stringent.gain	0.983306602691454
CGD-rec.all.cds!stringent.loss	0.9999998726137196
CGD-rec.all.exon!inclusive.both	0.9999957275961567
CGD-rec.all.exon!inclusive.gain	0.9349314657128815
CGD-rec.all.exon!inclusive.loss	0.9999999972610776
CGD-rec.all.exon!stringent.both	1.0000000170549084
CGD-rec.all.exon!stringent.gain	0.9137595452887715
CGD-rec.all.exon!stringent.loss	0.9999999967004716
CGD-rec.all.intron!inclusive.both	0.9999506751665111
CGD-rec.all.intron!inclusive.gain	0.9131654310834869
CGD-rec.all.intron!inclusive.loss	0.9999998082358212
CGD-rec.all.intron!stringent.both	1.0000000142938072
CGD-rec.all.intron!stringent.gain	0.8986131126755238
CGD-rec.all.intron!stringent.loss	0.9999999973030517
CGD-rec.all.trans!inclusive.both	0.9454736621700014
CGD-rec.all.trans!inclusive.gain	0.7435208666590057
CGD-rec.all.trans!inclusive.loss	0.9986292846284435
CGD-rec.all.trans!stringent.both	0.9999971538966279
CGD-rec.all.trans!stringent.gain	0.9867946499891521
CGD-rec.all.trans!stringent.loss	0.9999993346740463
CGD-rec.lex-smallest.cds!inclusive.both	0.9931730600546892
CGD-rec.lex-smallest.cds!inclusive.gain	0.8248699289574128
CGD-rec.lex-smallest.cds!inclusive.loss	0.9999388367394748
CGD-rec.lex-smallest.cds!stringent.both	0.9999977020327327
CGD-rec.lex-smallest.cds!stringent.gain	0.9952551238349483
CGD-rec.lex-smallest.cds!stringent.loss	0.99999953256219
CGD-rec.lex-smallest.exon!inclusive.both	0.9999998098819366
CGD-rec.lex-smallest.exon!inclusive.gain	0.9684689665483569
CGD-rec.lex-smallest.exon!inclusive.loss	1.0000000023805027
CGD-rec.lex-smallest.exon!stringent.both	1.000000014674929
CGD-rec.lex-smallest.exon!stringent.gain	0.9603548233003838
CGD-rec.lex-smallest.exon!stringent.loss	0.9999999969289566
CGD-rec.lex-smallest.intron!inclusive.both	0.999997315948179
CGD-rec.lex-smallest.intron!inclusive.gain	0.9748529131139074
CGD-rec.lex-smallest.intron!inclusive.loss	0.9999999988209066
CGD-rec.lex-smallest.intron!stringent.both	1.0000000136063827
CGD-rec.lex-smallest.intron!stringent.gain	0.9639254514877962
CGD-rec.lex-smallest.intron!stringent.loss	0.9999999971841549
CGD-rec.lex-smallest.trans!inclusive.both	0.9890708569485194
CGD-rec.lex-smallest.trans!inclusive.gain	0.884753028407471
CGD-rec.lex-smallest.trans!inclusive.loss	0.9998727552036908
CGD-rec.lex-smallest.trans!stringent.both	0.9999968964806432
CGD-rec.lex-smallest.trans!stringent.gain	0.9983296214083137
CGD-rec.lex-smallest.trans!stringent.loss	0.9999987759336252
Cancer-gain.all.cds!inclusive.both	0.9388054206074546
Cancer-gain.all.cds!inclusive.gain	1.0000000000175302
Cancer-gain.all.cds!inclusive.loss	0.9157574521382064
Cancer-gain.all.cds!stringent.both	0.8323966798128746
Cancer-gain.all.cds!stringent.gain	1.0000000000307878
Cancer-gain.all.cds!stringent.loss	0.7990628878414857
Cancer-gain.all.exon!inclusive.both	0.9987417872011215
Cancer-gain.all.exon!inclusive.gain	1.0000000001259173
Cancer-gain.all.exon!inclusive.loss	0.9973988678556226
Cancer-gain.all.exon!stringent.both	0.9641785212975862
Cancer-gain.all.exon!stringent.gain	1.000000000638845
Cancer-gain.all.exon!stringent.loss	0.9440976406326715
Cancer-gain.all.intron!inclusive.both	0.9882395734594595
Cancer-gain.all.intron!inclusive.gain	1.0000000001232492
Cancer-gain.all.intron!inclusive.loss	0.9801410762590624
Cancer-gain.all.intron!stringent.both	0.8901801742230557
Cancer-gain.all.intron!stringent.gain	1.0000000005450924
Cancer-gain.all.intron!stringent.loss	0.8529997402823266
Cancer-gain.all.trans!inclusive.both	0.9709943633551106
Cancer-gain.all.trans!inclusive.gain	1.0000000000175302
Cancer-gain.all.trans!inclusive.loss	0.9580913047093141
Cancer-gain.all.trans!stringent.both	0.8816819618811996
Cancer-gain.all.trans!stringent.gain	1.0000000000307878
Cancer-gain.all.trans!stringent.loss	0.855686374851393
Cancer-gain.lex-smallest.cds!inclusive.both	0.8721259678249684
Cancer-gain.lex-smallest.cds!inclusive.gain	1.0000000000175302
Cancer-gain.lex-smallest.cds!inclusive.loss	0.8320197044567126
Cancer-gain.lex-smallest.cds!stringent.both	0.7569128837621183
Cancer-gain.lex-smallest.cds!stringent.gain	1.0000000000307878
Cancer-gain.lex-smallest.cds!stringent.loss	0.7110741537433749
Cancer-gain.lex-smallest.exon!inclusive.both	0.9943427125205048
Cancer-gain.lex-smallest.exon!inclusive.gain	1.0000000000158171
Cancer-gain.lex-smallest.exon!inclusive.loss	0.9903009817298011
Cancer-gain.lex-smallest.exon!stringent.both	0.9249942891703429
Cancer-gain.lex-smallest.exon!stringent.gain	1.000000000482206
Cancer-gain.lex-smallest.exon!stringent.loss	0.8964514557241052
Cancer-gain.lex-smallest.intron!inclusive.both	0.9686314018443976
Cancer-gain.lex-smallest.intron!inclusive.gain	0.999999999995566
Cancer-gain.lex-smallest.intron!inclusive.loss	0.9535591510032557
Cancer-gain.lex-smallest.intron!stringent.both	0.8348172233923439
Cancer-gain.lex-smallest.intron!stringent.gain	1.0000000004447487
Cancer-gain.lex-smallest.intron!stringent.loss	0.7916457147485348
Cancer-gain.lex-smallest.trans!inclusive.both	0.944575666391587
Cancer-gain.lex-smallest.trans!inclusive.gain	1.0000000000175302
Cancer-gain.lex-smallest.trans!inclusive.loss	0.9225936493474756
Cancer-gain.lex-smallest.trans!stringent.both	0.8404075524875939
Cancer-gain.lex-smallest.trans!stringent.gain	1.0000000000307878
Cancer-gain.lex-smallest.trans!stringent.loss	0.8059356427511284
Cancer-loss.all.cds!inclusive.both	0.9532919079184796
Cancer-loss.all.cds!inclusive.gain	0.38550510131032134
Cancer-loss.all.cds!inclusive.loss	0.9989582463772667
Cancer-loss.all.cds!stringent.both	0.9999966201263696
Cancer-loss.all.cds!stringent.gain	0.9160992911114294
Cancer-loss.all.cds!stringent.loss	0.999999208368396
Cancer-loss.all.exon!inclusive.both	0.8246735537038419
Cancer-loss.all.exon!inclusive.gain	0.26621311695446354
Cancer-loss.all.exon!inclusive.loss	0.993747154297136
Cancer-loss.all.exon!stringent.both	0.9997868348277822
Cancer-loss.all.exon!stringent.gain	0.7705780433709281
Cancer-loss.all.exon!stringent.loss	0.9999994110923147
Cancer-loss.all.intron!inclusive.both	0.9471258074641574
Cancer-loss.all.intron!inclusive.gain	0.3451488308411944
Cancer-loss.all.intron!inclusive.loss	0.999560770578261
Cancer-loss.all.intron!stringent.both	0.9999726884943173
Cancer-loss.all.intron!stringent.gain	0.7786416412408163
Cancer-loss.all.intron!stringent.loss	0.9999999569759606
Cancer-loss.all.trans!inclusive.both	0.9194040640743153
Cancer-loss.all.trans!inclusive.gain	0.26251583936470846
Cancer-loss.all.trans!inclusive.loss	0.9992283436372283
Cancer-loss.all.trans!stringent.both	0.9999998774759028
Cancer-loss.all.trans!stringent.gain	0.9282906551549079
Cancer-loss.all.trans!stringent.loss	0.9999999711287515
Cancer-loss.lex-smallest.cds!inclusive.both	0.8954475240784474
Cancer-loss.lex-smallest.cds!inclusive.gain	0.4095915204422405
Cancer-loss.lex-smallest.cds!inclusive.loss	0.9946559488227459
Cancer-loss.lex-smallest.cds!stringent.both	0.9999952459066519
Cancer-loss.lex-smallest.cds!stringent.gain	0.9659960265943877
Cancer-loss.lex-smallest.cds!stringent.loss	0.9999973031973213
Cancer-loss.lex-smallest.exon!inclusive.both	0.9541295018658037
Cancer-loss.lex-smallest.exon!inclusive.gain	0.47023778318083514
Cancer-loss.lex-smallest.exon!inclusive.loss	0.9997314894227827
Cancer-loss.lex-smallest.exon!stringent.both	0.999992163275173
Cancer-loss.lex-smallest.exon!stringent.gain	0.9446569297134917
Cancer-loss.lex-smallest.exon!stringent.loss	0.9999971664600354
Cancer-loss.lex-smallest.intron!inclusive.both	0.9898132129089001
Cancer-loss.lex-smallest.intron!inclusive.gain	0.5677502820921377
Cancer-loss.lex-smallest.intron!inclusive.loss	0.9999733934747884
Cancer-loss.lex-smallest.intron!stringent.both	0.9999992799365799
Cancer-loss.lex-smallest.intron!stringent.gain	0.9549243023864006
Cancer-loss.lex-smallest.intron!stringent.loss	0.9999998163720858
Cancer-loss.lex-smallest.trans!inclusive.both	0.9265540270343847
Cancer-loss.lex-smallest.trans!inclusive.gain	0.3077503996142714
Cancer-loss.lex-smallest.trans!inclusive.loss	0.9987433101248949
Cancer-loss.lex-smallest.trans!stringent.both	0.9999998205251598
Cancer-loss.lex-smallest.trans!stringent.gain	0.9676182911128809
Cancer-loss.lex-smallest.trans!stringent.loss	0.9999998914240865
Curated-gain.all.cds!inclusive.both	0.004244700254578799
Curated-gain.all.cds!inclusive.gain	0.0111163266661332
Curated-gain.all.cds!inclusive.loss	0.012263883837895855
Curated-gain.all.cds!stringent.both	0.04114252737072082
Curated-gain.all.cds!stringent.gain	0.0021685390383358945
Curated-gain.all.cds!stringent.loss	0.19779394835638667
Curated-gain.all.exon!inclusive.both	0.013817257668583289
Curated-gain.all.exon!inclusive.gain	0.020636841486075003
Curated-gain.all.exon!inclusive.loss	0.025457040407501345
Curated-gain.all.exon!stringent.both	0.06019420858976774
Curated-gain.all.exon!stringent.gain	0.07739396487059687
Curated-gain.all.exon!stringent.loss	0.1490569563946691
Curated-gain.all.intron!inclusive.both	0.01371912425403437
Curated-gain.all.intron!inclusive.gain	0.048763812628429895
Curated-gain.all.intron!inclusive.loss	0.028277296759695262
Curated-gain.all.intron!stringent.both	0.13271471058579576
Curated-gain.all.intron!stringent.gain	0.1169983691885387
Curated-gain.all.intron!stringent.loss	0.3413791113333151
Curated-gain.all.trans!inclusive.both	0.05900027838655204
Curated-gain.all.trans!inclusive.gain	0.0020577190223523773
Curated-gain.all.trans!inclusive.loss	0.16101137445110056
Curated-gain.all.trans!stringent.both	0.10214354656302531
Curated-gain.all.trans!stringent.gain	0.008734818046498687
Curated-gain.all.trans!stringent.loss	0.3414922647349055
Curated-gain.lex-smallest.cds!inclusive.both	0.023002128573670715
Curated-gain.lex-smallest.cds!inclusive.gain	0.02328060197369964
Curated-gain.lex-smallest.cds!inclusive.loss	0.06409101192062379
Curated-gain.lex-smallest.cds!stringent.both	0.127423178678898
Curated-gain.lex-smallest.cds!stringent.gain	0.006769272386840995
Curated-gain.lex-smallest.cds!stringent.loss	0.45152636262071205
Curated-gain.lex-smallest.exon!inclusive.both	0.014237180345477315
Curated-gain.lex-smallest.exon!inclusive.gain	0.04784583032463781
Curated-gain.lex-smallest.exon!inclusive.loss	0.025962648427299905
Curated-gain.lex-smallest.exon!stringent.both	0.09346039790688894
Curated-gain.lex-smallest.exon!stringent.gain	0.08715658545639123
Curated-gain.lex-smallest.exon!stringent.loss	0.3282950335763392
Curated-gain.lex-smallest.intron!inclusive.both	0.013451137019915469
Curated-gain.lex-smallest.intron!inclusive.gain	0.0907581259169059
Curated-gain.lex-smallest.intron!inclusive.loss	0.021368430811820008
Curated-gain.lex-smallest.intron!stringent.both	0.15474454223019252
Curated-gain.lex-smallest.intron!stringent.gain	0.11624792689032287
Curated-gain.lex-smallest.intron!stringent.loss	0.4569687541892594
Curated-gain.lex-smallest.trans!inclusive.both	0.16638878648801508
Curated-gain.lex-smallest.trans!inclusive.gain	0.028805824240342847
Curated-gain.lex-smallest.trans!inclusive.loss	0.3185563898397297
Curated-gain.lex-smallest.trans!stringent.both	0.3023354547764241
Curated-gain.lex-smallest.trans!stringent.gain	0.019141502544037195
Curated-gain.lex-smallest.trans!stringent.loss	0.6817070413405986
Curated-loss.all.cds!inclusive.both	0.3568910278084473
Curated-loss.all.cds!inclusive.gain	0.034352044641164745
Curated-loss.all.cds!inclusive.loss	0.8476196384843951
Curated-loss.all.cds!stringent.both	0.9572473982610088
Curated-loss.all.cds!stringent.gain	0.2834140863364907
Curated-loss.all.cds!stringent.loss	0.9837003886876126
Curated-loss.all.exon!inclusive.both	0.1595740385582494
Curated-loss.all.exon!inclusive.gain	0.020383857082684937
Curated-loss.all.exon!inclusive.loss	0.5245407938387323
Curated-loss.all.exon!stringent.both	0.6739036869137958
Curated-loss.all.exon!stringent.gain	0.08139422872973608
Curated-loss.all.exon!stringent.loss	0.6240865028845194
Curated-loss.all.intron!inclusive.both	0.5195839441211855
Curated-loss.all.intron!inclusive.gain	0.08703316218755346
Curated-loss.all.intron!inclusive.loss	0.8120713838896968
Curated-loss.all.intron!stringent.both	0.8961154865583982
Curated-loss.all.intron!stringent.gain	0.13588953297631473
Curated-loss.all.intron!stringent.loss	0.9146646703846634
Curated-loss.all.trans!inclusive.both	0.6052533768787739
Curated-loss.all.trans!inclusive.gain	0.008387085365485443
Curated-loss.all.trans!inclusive.loss	0.9614009064626856
Curated-loss.all.trans!stringent.both	0.9908246933272249
Curated-loss.all.trans!stringent.gain	0.44114776077705964
Curated-loss.all.trans!stringent.loss	0.9978179597738476
Curated-loss.lex-smallest.cds!inclusive.both	0.41606484585690573
Curated-loss.lex-smallest.cds!inclusive.gain	0.039697089309510734
Curated-loss.lex-smallest.cds!inclusive.loss	0.8568896080742389
Curated-loss.lex-smallest.cds!stringent.both	0.9670262975591007
Curated-loss.lex-smallest.cds!stringent.gain	0.25520416652858063
Curated-loss.lex-smallest.cds!stringent.loss	0.9911645309419582
Curated-loss.lex-smallest.exon!inclusive.both	0.21398016561392066
Curated-loss.lex-smallest.exon!inclusive.gain	0.04933212262189343
Curated-loss.lex-smallest.exon!inclusive.loss	0.3583532076683566
Curated-loss.lex-smallest.exon!stringent.both	0.6035858626985593
Curated-loss.lex-smallest.exon!stringent.gain	0.05244782688269928
Curated-loss.lex-smallest.exon!stringent.loss	0.5775884746834009
Curated-loss.lex-smallest.intron!inclusive.both	0.5044068659157853
Curated-loss.lex-smallest.intron!inclusive.gain	0.13620717843495866
Curated-loss.lex-smallest.intron!inclusive.loss	0.631572479011849
Curated-loss.lex-smallest.intron!stringent.both	0.8618774669590525
Curated-loss.lex-smallest.intron!stringent.gain	0.10054919655027815
Curated-loss.lex-smallest.intron!stringent.loss	0.8835560209040169
Curated-loss.lex-smallest.trans!inclusive.both	0.6214768008300529
Curated-loss.lex-smallest.trans!inclusive.gain	0.01403878936910353
Curated-loss.lex-smallest.trans!inclusive.loss	0.9694439338979653
Curated-loss.lex-smallest.trans!stringent.both	0.9963792341077145
Curated-loss.lex-smallest.trans!stringent.gain	0.4392479269142007
Curated-loss.lex-smallest.trans!stringent.loss	0.9993223993791837
Decipher-gain.all.cds!inclusive.both	0.4469050591237886
Decipher-gain.all.cds!inclusive.gain	0.6885913151382735
Decipher-gain.all.cds!inclusive.loss	0.362820919788254
Decipher-gain.all.cds!stringent.both	0.21776378495929177
Decipher-gain.all.cds!stringent.gain	0.9999999999607385
Decipher-gain.all.cds!stringent.loss	0.18032447705289847
Decipher-gain.all.exon!inclusive.both	0.9920664690013128
Decipher-gain.all.exon!inclusive.gain	0.687169792589941
Decipher-gain.all.exon!inclusive.loss	0.9816536882175045
Decipher-gain.all.exon!stringent.both	0.8638315628049037
Decipher-gain.all.exon!stringent.gain	0.999999999526016
Decipher-gain.all.exon!stringent.loss	0.8087116743121002
Decipher-gain.all.intron!inclusive.both	0.881237002877151
Decipher-gain.all.intron!inclusive.gain	0.7000625312204227
Decipher-gain.all.intron!inclusive.loss	0.8141252236131783
Decipher-gain.all.intron!stringent.both	0.6937027195716129
Decipher-gain.all.intron!stringent.gain	0.9999999996071999
Decipher-gain.all.intron!stringent.loss	0.6329782085148351
Decipher-gain.all.trans!inclusive.both	0.5726486185094877
Decipher-gain.all.trans!inclusive.gain	0.7341440558507557
Decipher-gain.all.trans!inclusive.loss	0.47804164202309374
Decipher-gain.all.trans!stringent.both	0.29062366261288536
Decipher-gain.all.trans!stringent.gain	0.9999999999607385
Decipher-gain.all.trans!stringent.loss	0.24623675425043945
Decipher-gain.lex-smallest.cds!inclusive.both	0.8837957544417575
Decipher-gain.lex-smallest.cds!inclusive.gain	0.9999999999552507
Decipher-gain.lex-smallest.cds!inclusive.loss	0.8443042325717359
Decipher-gain.lex-smallest.cds!stringent.both	0.780775553399684
Decipher-gain.lex-smallest.cds!stringent.gain	0.9999999999740777
Decipher-gain.lex-smallest.cds!stringent.loss	0.7549935337695086
Decipher-gain.lex-smallest.exon!inclusive.both	0.9999999999940855
Decipher-gain.lex-smallest.exon!inclusive.gain	0.9999999996652446
Decipher-gain.lex-smallest.exon!inclusive.loss	0.9999999999541582
Decipher-gain.lex-smallest.exon!stringent.both	0.9999999999451562
Decipher-gain.lex-smallest.exon!stringent.gain	0.9999999996084499
Decipher-gain.lex-smallest.exon!stringent.loss	0.9999999999689684
Decipher-gain.lex-smallest.intron!inclusive.both	0.9486652217761772
Decipher-gain.lex-smallest.intron!inclusive.gain	0.9999999997099938
Decipher-gain.lex-smallest.intron!inclusive.loss	0.9201010683501265
Decipher-gain.lex-smallest.intron!stringent.both	0.79028412072602
Decipher-gain.lex-smallest.intron!stringent.gain	0.9999999996343721
Decipher-gain.lex-smallest.intron!stringent.loss	0.7529659130923672
Decipher-gain.lex-smallest.trans!inclusive.both	0.7540002056916463
Decipher-gain.lex-smallest.trans!inclusive.gain	0.9999999999552508
Decipher-gain.lex-smallest.trans!inclusive.loss	0.6796793079163209
Decipher-gain.lex-smallest.trans!stringent.both	0.5285841028980698
Decipher-gain.lex-smallest.trans!stringent.gain	0.9999999999740777
Decipher-gain.lex-smallest.trans!stringent.loss	0.48381492735405585
Decipher-loss.all.cds!inclusive.both	0.7128690779760087
Decipher-loss.all.cds!inclusive.gain	0.3548583352688926
Decipher-loss.all.cds!inclusive.loss	0.7140750655163173
Decipher-loss.all.cds!stringent.both	0.8613971313617558
Decipher-loss.all.cds!stringent.gain	0.5145319243683472
Decipher-loss.all.cds!stringent.loss	0.7911936794799524
Decipher-loss.all.exon!inclusive.both	0.5094387609613517
Decipher-loss.all.exon!inclusive.gain	0.10930156767216982
Decipher-loss.all.exon!inclusive.loss	0.9849085385560253
Decipher-loss.all.exon!stringent.both	0.8870108904498357
Decipher-loss.all.exon!stringent.gain	0.6326088392819279
Decipher-loss.all.exon!stringent.loss	0.9729520313230376
Decipher-loss.all.intron!inclusive.both	0.18964803998283467
Decipher-loss.all.intron!inclusive.gain	0.09635942942881369
Decipher-loss.all.intron!inclusive.loss	0.638374420737127
Decipher-loss.all.intron!stringent.both	0.744633549140936
Decipher-loss.all.intron!stringent.gain	0.6044121002771762
Decipher-loss.all.intron!stringent.loss	0.8105561676760248
Decipher-loss.all.trans!inclusive.both	0.8155238225068124
Decipher-loss.all.trans!inclusive.gain	0.12811457007427743
Decipher-loss.all.trans!inclusive.loss	0.8136031811285236
Decipher-loss.all.trans!stringent.both	0.7695397037004859
Decipher-loss.all.trans!stringent.gain	0.6231912301056881
Decipher-loss.all.trans!stringent.loss	0.6738645881270441
Decipher-loss.lex-smallest.cds!inclusive.both	0.7813641396864365
Decipher-loss.lex-smallest.cds!inclusive.gain	0.4563073056308671
Decipher-loss.lex-smallest.cds!inclusive.loss	0.7949478370097126
Decipher-loss.lex-smallest.cds!stringent.both	0.8857693131630685
Decipher-loss.lex-smallest.cds!stringent.gain	0.45634616012319557
Decipher-loss.lex-smallest.cds!stringent.loss	0.8294292912866775
Decipher-loss.lex-smallest.exon!inclusive.both	0.49081762696373127
Decipher-loss.lex-smallest.exon!inclusive.gain	0.12225867419177026
Decipher-loss.lex-smallest.exon!inclusive.loss	0.9770885843961712
Decipher-loss.lex-smallest.exon!stringent.both	0.8795154905966697
Decipher-loss.lex-smallest.exon!stringent.gain	0.6111373514569965
Decipher-loss.lex-smallest.exon!stringent.loss	0.9708977868764825
Decipher-loss.lex-smallest.intron!inclusive.both	0.22819188396778023
Decipher-loss.lex-smallest.intron!inclusive.gain	0.12246332270148001
Decipher-loss.lex-smallest.intron!inclusive.loss	0.6284190746857431
Decipher-loss.lex-smallest.intron!stringent.both	0.7500168310331604
Decipher-loss.lex-smallest.intron!stringent.gain	0.5632712312530745
Decipher-loss.lex-smallest.intron!stringent.loss	0.8356513236528491
Decipher-loss.lex-smallest.trans!inclusive.both	0.8944385700491241
Decipher-loss.lex-smallest.trans!inclusive.gain	0.3669287906857604
Decipher-loss.lex-smallest.trans!inclusive.loss	0.9014768498581666
Decipher-loss.lex-smallest.trans!stringent.both	0.9410750497268805
Decipher-loss.lex-smallest.trans!stringent.gain	0.5108751705399962
Decipher-loss.lex-smallest.trans!stringent.loss	0.9053035755673515
Essential.all.cds!inclusive.both	0.999999996959282
Essential.all.cds!inclusive.gain	0.9847451376186351
Essential.all.cds!inclusive.loss	1.0000000005460812
Essential.all.cds!stringent.both	1.0000000023447844
Essential.all.cds!stringent.gain	0.9999999965340944
Essential.all.cds!stringent.loss	0.9999999995081627
Essential.all.exon!inclusive.both	1.0000000177510464
Essential.all.exon!inclusive.gain	0.99223923377559
Essential.all.exon!inclusive.loss	1.0000000073200686
Essential.all.exon!stringent.both	1.0000000349218998
Essential.all.exon!stringent.gain	0.9999999366707554
Essential.all.exon!stringent.loss	0.9999999950977057
Essential.all.intron!inclusive.both	1.0000000152476092
Essential.all.intron!inclusive.gain	0.9985986345833612
Essential.all.intron!inclusive.loss	1.0000000064838772
Essential.all.intron!stringent.both	1.0000000295182632
Essential.all.intron!stringent.gain	0.9999997334374346
Essential.all.intron!stringent.loss	0.9999999958146788
Essential.all.trans!inclusive.both	1.0000000009633832
Essential.all.trans!inclusive.gain	0.9965462254074389
Essential.all.trans!inclusive.loss	1.000000000539148
Essential.all.trans!stringent.both	1.0000000023649946
Essential.all.trans!stringent.gain	1.0000000005637062
Essential.all.trans!stringent.loss	0.999999999507819
Essential.lex-smallest.cds!inclusive.both	0.9999998906626171
Essential.lex-smallest.cds!inclusive.gain	0.9872562771981446
Essential.lex-smallest.cds!inclusive.loss	1.0000000005216287
Essential.lex-smallest.cds!stringent.both	1.0000000022366742
Essential.lex-smallest.cds!stringent.gain	1.0000000004616907
Essential.lex-smallest.cds!stringent.loss	0.9999999995373148
Essential.lex-smallest.exon!inclusive.both	1.0000000157158193
Essential.lex-smallest.exon!inclusive.gain	0.9951246260299805
Essential.lex-smallest.exon!inclusive.loss	1.0000000062197743
Essential.lex-smallest.exon!stringent.both	1.0000000300210612
Essential.lex-smallest.exon!stringent.gain	0.9999998597753624
Essential.lex-smallest.exon!stringent.loss	0.9999999957286643
Essential.lex-smallest.intron!inclusive.both	1.0000000144292875
Essential.lex-smallest.intron!inclusive.gain	0.9992657563029113
Essential.lex-smallest.intron!inclusive.loss	1.0000000057716747
Essential.lex-smallest.intron!stringent.both	1.0000000279444394
Essential.lex-smallest.intron!stringent.gain	0.9999999096201889
Essential.lex-smallest.intron!stringent.loss	0.9999999961447666
Essential.lex-smallest.trans!inclusive.both	0.9999999996087205
Essential.lex-smallest.trans!inclusive.gain	0.9969393812777017
Essential.lex-smallest.trans!inclusive.loss	1.0000000005147067
Essential.lex-smallest.trans!stringent.both	1.0000000022426891
Essential.lex-smallest.trans!stringent.gain	1.0000000008231225
Essential.lex-smallest.trans!stringent.loss	0.9999999995402994
GI1.all.cds!inclusive.both	1.0000000003739944
GI1.all.cds!inclusive.gain	0.9999899650066159
GI1.all.cds!inclusive.loss	1.0000000008381642
GI1.all.cds!stringent.both	1.0000000024424895
GI1.all.cds!stringent.gain	1.0000000000135023
GI1.all.cds!stringent.loss	0.9999999993112325
GI1.all.exon!inclusive.both	1.0000000306463335
GI1.all.exon!inclusive.gain	0.9999993207312569
GI1.all.exon!inclusive.loss	1.0000000104030677
GI1.all.exon!stringent.both	1.000000045786262
GI1.all.exon!stringent.gain	1.0000000044631108
GI1.all.exon!stringent.loss	0.9999999909639639
GI1.all.intron!inclusive.both	1.0000000268206064
GI1.all.intron!inclusive.gain	0.9999999748592775
GI1.all.intron!inclusive.loss	1.0000000088971766
GI1.all.intron!stringent.both	1.000000039550422
GI1.all.intron!stringent.gain	1.00000000361213
GI1.all.intron!stringent.loss	0.9999999921565218
GI1.all.trans!inclusive.both	1.000000001636442
GI1.all.trans!inclusive.gain	0.9999939546955043
GI1.all.trans!inclusive.loss	1.000000000837258
GI1.all.trans!stringent.both	1.0000000024124616
GI1.all.trans!stringent.gain	1.0000000001145
GI1.all.trans!stringent.loss	0.9999999993235063
GI1.lex-smallest.cds!inclusive.both	0.9999999664636402
GI1.lex-smallest.cds!inclusive.gain	0.9999954993440894
GI1.lex-smallest.cds!inclusive.loss	1.0000000007933605
GI1.lex-smallest.cds!stringent.both	1.0000000023042521
GI1.lex-smallest.cds!stringent.gain	0.999999999986946
GI1.lex-smallest.cds!stringent.loss	0.9999999993283447
GI1.lex-smallest.exon!inclusive.both	1.0000000274975953
GI1.lex-smallest.exon!inclusive.gain	0.9999999398925542
GI1.lex-smallest.exon!inclusive.loss	1.0000000090323227
GI1.lex-smallest.exon!stringent.both	1.000000039459371
GI1.lex-smallest.exon!stringent.gain	1.0000000020647246
GI1.lex-smallest.exon!stringent.loss	0.9999999916269181
GI1.lex-smallest.intron!inclusive.both	1.0000000258063833
GI1.lex-smallest.intron!inclusive.gain	1.000000032693739
GI1.lex-smallest.intron!inclusive.loss	1.0000000083360658
GI1.lex-smallest.intron!stringent.both	1.0000000373192597
GI1.lex-smallest.intron!stringent.gain	1.0000000021314843
GI1.lex-smallest.intron!stringent.loss	0.9999999922035036
GI1.lex-smallest.trans!inclusive.both	1.00000000179774
GI1.lex-smallest.trans!inclusive.gain	0.9999954594464335
GI1.lex-smallest.trans!inclusive.loss	1.0000000007979613
GI1.lex-smallest.trans!stringent.both	1.0000000022717634
GI1.lex-smallest.trans!stringent.gain	0.9999999999927299
GI1.lex-smallest.trans!stringent.loss	0.9999999993438841
GI2.all.cds!inclusive.both	1.0000000020960649
GI2.all.cds!inclusive.gain	1.000000001027529
GI2.all.cds!inclusive.loss	1.000000000787585
GI2.all.cds!stringent.both	1.0000000029611769
GI2.all.cds!stringent.gain	1.0000000016565447
GI2.all.cds!stringent.loss	0.9999999994716813
GI2.all.exon!inclusive.both	1.0000000160888507
GI2.all.exon!inclusive.gain	1.0000000144484231
GI2.all.exon!inclusive.loss	1.0000000050462734
GI2.all.exon!stringent.both	1.0000000306173855
GI2.all.exon!stringent.gain	1.0000000139673642
GI2.all.exon!stringent.loss	0.9999999968383115
GI2.all.intron!inclusive.both	1.0000000123712565
GI2.all.intron!inclusive.gain	1.0000000110381049
GI2.all.intron!inclusive.loss	1.0000000038513968
GI2.all.intron!stringent.both	1.000000024225515
GI2.all.intron!stringent.gain	1.0000000112563245
GI2.all.intron!stringent.loss	0.9999999975636201
GI2.all.trans!inclusive.both	1.0000000020522717
GI2.all.trans!inclusive.gain	0.9999999965825334
GI2.all.trans!inclusive.loss	1.000000000769934
GI2.all.trans!stringent.both	1.0000000029313485
GI2.all.trans!stringent.gain	1.0000000016271098
GI2.all.trans!stringent.loss	0.9999999994905483
GI2.lex-smallest.cds!inclusive.both	1.0000000019884243
GI2.lex-smallest.cds!inclusive.gain	1.0000000009547205
GI2.lex-smallest.cds!inclusive.loss	1.0000000007482504
GI2.lex-smallest.cds!stringent.both	1.000000002843039
GI2.lex-smallest.cds!stringent.gain	1.0000000016803892
GI2.lex-smallest.cds!stringent.loss	0.9999999995134458
GI2.lex-smallest.exon!inclusive.both	1.0000000137237783
GI2.lex-smallest.exon!inclusive.gain	1.0000000114119592
GI2.lex-smallest.exon!inclusive.loss	1.0000000040709298
GI2.lex-smallest.exon!stringent.both	1.0000000263368516
GI2.lex-smallest.exon!stringent.gain	1.0000000136349956
GI2.lex-smallest.exon!stringent.loss	0.999999997510242
GI2.lex-smallest.intron!inclusive.both	1.0000000119830539
GI2.lex-smallest.intron!inclusive.gain	1.0000000102296813
GI2.lex-smallest.intron!inclusive.loss	1.0000000034588166
GI2.lex-smallest.intron!stringent.both	1.0000000236995885
GI2.lex-smallest.intron!stringent.gain	1.0000000121674413
GI2.lex-smallest.intron!stringent.loss	0.99999999794385
GI2.lex-smallest.trans!inclusive.both	1.0000000019594575
GI2.lex-smallest.trans!inclusive.gain	1.0000000005657104
GI2.lex-smallest.trans!inclusive.loss	1.0000000007435945
GI2.lex-smallest.trans!stringent.both	1.0000000028311375
GI2.lex-smallest.trans!stringent.gain	1.0000000016993171
GI2.lex-smallest.trans!stringent.loss	0.9999999995329562
GI3.all.cds!inclusive.both	0.22103510640812307
GI3.all.cds!inclusive.gain	0.8062803597604579
GI3.all.cds!inclusive.loss	0.4904038622974394
GI3.all.cds!stringent.both	0.9376465390177876
GI3.all.cds!stringent.gain	0.7996381267865789
GI3.all.cds!stringent.loss	0.9285524795007511
GI3.all.exon!inclusive.both	0.9849635166717682
GI3.all.exon!inclusive.gain	0.941575234880665
GI3.all.exon!inclusive.loss	0.9931741328507092
GI3.all.exon!stringent.both	0.9999988256302108
GI3.all.exon!stringent.gain	0.9234684273939557
GI3.all.exon!stringent.loss	0.999995886374093
GI3.all.intron!inclusive.both	0.9995923877593115
GI3.all.intron!inclusive.gain	0.9799073556550768
GI3.all.intron!inclusive.loss	0.9999408432818291
GI3.all.intron!stringent.both	0.9999996794480219
GI3.all.intron!stringent.gain	0.9475200405995614
GI3.all.intron!stringent.loss	0.9999995538614477
GI3.all.trans!inclusive.both	0.17261376166577902
GI3.all.trans!inclusive.gain	0.7731010647801235
GI3.all.trans!inclusive.loss	0.4622097486629095
GI3.all.trans!stringent.both	0.8985630979736151
GI3.all.trans!stringent.gain	0.8060560491769602
GI3.all.trans!stringent.loss	0.8972794648944551
GI3.lex-smallest.cds!inclusive.both	0.2884817089979583
GI3.lex-smallest.cds!inclusive.gain	0.8261468510032358
GI3.lex-smallest.cds!inclusive.loss	0.5298643328124967
GI3.lex-smallest.cds!stringent.both	0.8627517066083457
GI3.lex-smallest.cds!stringent.gain	0.7627456599318517
GI3.lex-smallest.cds!stringent.loss	0.8316300063951435
GI3.lex-smallest.exon!inclusive.both	0.9959119934614685
GI3.lex-smallest.exon!inclusive.gain	0.9673435943450736
GI3.lex-smallest.exon!inclusive.loss	0.9988221157186045
GI3.lex-smallest.exon!stringent.both	0.9999996393650267
GI3.lex-smallest.exon!stringent.gain	0.9436335217199912
GI3.lex-smallest.exon!stringent.loss	0.9999969129635232
GI3.lex-smallest.intron!inclusive.both	0.9998095809304383
GI3.lex-smallest.intron!inclusive.gain	0.991698696197949
GI3.lex-smallest.intron!inclusive.loss	0.9999690931473639
GI3.lex-smallest.intron!stringent.both	0.9999999522205626
GI3.lex-smallest.intron!stringent.gain	0.9638268828686103
GI3.lex-smallest.intron!stringent.loss	0.9999996194709811
GI3.lex-smallest.trans!inclusive.both	0.19807242278460507
GI3.lex-smallest.trans!inclusive.gain	0.6867244824530833
GI3.lex-smallest.trans!inclusive.loss	0.5511092912696621
GI3.lex-smallest.trans!stringent.both	0.8941625614608418
GI3.lex-smallest.trans!stringent.gain	0.7632891923324376
GI3.lex-smallest.trans!stringent.loss	0.8990913443031014
HI1.all.cds!inclusive.both	1.0000000018151178
HI1.all.cds!inclusive.gain	0.9999899618650413
HI1.all.cds!inclusive.loss	1.0000000002870437
HI1.all.cds!stringent.both	1.0000000032579401
HI1.all.cds!stringent.gain	0.9999999607758197
HI1.all.cds!stringent.loss	0.9999999996898437
HI1.all.exon!inclusive.both	1.00000001971917
HI1.all.exon!inclusive.gain	0.9999035872135782
HI1.all.exon!inclusive.loss	1.0000000008859224
HI1.all.exon!stringent.both	1.000000041235924
HI1.all.exon!stringent.gain	1.0000000085360885
HI1.all.exon!stringent.loss	0.9999999995539186
HI1.all.intron!inclusive.both	1.0000000167097682
HI1.all.intron!inclusive.gain	0.9999939756460932
HI1.all.intron!inclusive.loss	1.0000000012731933
HI1.all.intron!stringent.both	1.0000000335202723
HI1.all.intron!stringent.gain	0.9999999002176566
HI1.all.intron!stringent.loss	0.9999999991712859
HI1.all.trans!inclusive.both	1.0000000017979827
HI1.all.trans!inclusive.gain	0.9999776049248097
HI1.all.trans!inclusive.loss	1.0000000002770966
HI1.all.trans!stringent.both	1.0000000032291996
HI1.all.trans!stringent.gain	0.9999999980836922
HI1.all.trans!stringent.loss	0.9999999997071399
HI1.lex-smallest.cds!inclusive.both	1.0000000016784307
HI1.lex-smallest.cds!inclusive.gain	0.999937165907027
HI1.lex-smallest.cds!inclusive.loss	1.0000000002333724
HI1.lex-smallest.cds!stringent.both	1.0000000031339906
HI1.lex-smallest.cds!stringent.gain	0.9999998883229153
HI1.lex-smallest.cds!stringent.loss	0.9999999997152254
HI1.lex-smallest.exon!inclusive.both	1.0000000170061207
HI1.lex-smallest.exon!inclusive.gain	0.9996881856134314
HI1.lex-smallest.exon!inclusive.loss	1.0000000003987086
HI1.lex-smallest.exon!stringent.both	1.0000000355586731
HI1.lex-smallest.exon!stringent.gain	0.9999999086908439
HI1.lex-smallest.exon!stringent.loss	0.9999999995783125
HI1.lex-smallest.intron!inclusive.both	1.0000000155451414
HI1.lex-smallest.intron!inclusive.gain	0.9999882253111714
HI1.lex-smallest.intron!inclusive.loss	1.0000000002397975
HI1.lex-smallest.intron!stringent.both	1.0000000326632466
HI1.lex-smallest.intron!stringent.gain	0.999999957524918
HI1.lex-smallest.intron!stringent.loss	0.9999999997883162
HI1.lex-smallest.trans!inclusive.both	1.000000001675701
HI1.lex-smallest.trans!inclusive.gain	0.9998599123986663
HI1.lex-smallest.trans!inclusive.loss	1.000000000218118
HI1.lex-smallest.trans!stringent.both	1.0000000031242946
HI1.lex-smallest.trans!stringent.gain	0.9999999845832078
HI1.lex-smallest.trans!stringent.loss	0.9999999997323641
HI2.all.cds!inclusive.both	1.0000000018743254
HI2.all.cds!inclusive.gain	0.9999948403640662
HI2.all.cds!inclusive.loss	1.0000000005249774
HI2.all.cds!stringent.both	1.0000000029232752
HI2.all.cds!stringent.gain	0.9999999996619298
HI2.all.cds!stringent.loss	0.9999999995403517
HI2.all.exon!inclusive.both	1.0000000190665919
HI2.all.exon!inclusive.gain	0.9999873809576695
HI2.all.exon!inclusive.loss	1.0000000038783383
HI2.all.exon!stringent.both	1.0000000390069343
HI2.all.exon!stringent.gain	0.9999959474854415
HI2.all.exon!stringent.loss	0.9999999976300867
HI2.all.intron!inclusive.both	1.0000000155974929
HI2.all.intron!inclusive.gain	0.9999990541353663
HI2.all.intron!inclusive.loss	1.000000003091428
HI2.all.intron!stringent.both	1.0000000327414615
HI2.all.intron!stringent.gain	0.9999971060507032
HI2.all.intron!stringent.loss	0.9999999982359351
HI2.all.trans!inclusive.both	1.0000000018843755
HI2.all.trans!inclusive.gain	0.9999985847815025
HI2.all.trans!inclusive.loss	1.0000000005088088
HI2.all.trans!stringent.both	1.0000000029021916
HI2.all.trans!stringent.gain	1.0000000006496916
HI2.all.trans!stringent.loss	0.9999999995588555
HI2.lex-smallest.cds!inclusive.both	1.0000000018182742
HI2.lex-smallest.cds!inclusive.gain	0.9999978241187713
HI2.lex-smallest.cds!inclusive.loss	1.0000000005137295
HI2.lex-smallest.cds!stringent.both	1.0000000027832758
HI2.lex-smallest.cds!stringent.gain	1.0000000005764413
HI2.lex-smallest.cds!stringent.loss	0.9999999996225439
HI2.lex-smallest.exon!inclusive.both	1.000000016518851
HI2.lex-smallest.exon!inclusive.gain	0.9999873025285785
HI2.lex-smallest.exon!inclusive.loss	1.0000000032940253
HI2.lex-smallest.exon!stringent.both	1.0000000336227344
HI2.lex-smallest.exon!stringent.gain	0.9999964322550707
HI2.lex-smallest.exon!stringent.loss	0.9999999983777986
HI2.lex-smallest.intron!inclusive.both	1.0000000149270762
HI2.lex-smallest.intron!inclusive.gain	0.9999993426316751
HI2.lex-smallest.intron!inclusive.loss	1.0000000029036364
HI2.lex-smallest.intron!stringent.both	1.0000000310899957
HI2.lex-smallest.intron!stringent.gain	0.9999989611039151
HI2.lex-smallest.intron!stringent.loss	0.9999999986641883
HI2.lex-smallest.trans!inclusive.both	1.0000000018150919
HI2.lex-smallest.trans!inclusive.gain	0.9999997143654128
HI2.lex-smallest.trans!inclusive.loss	1.0000000004978673
HI2.lex-smallest.trans!stringent.both	1.000000002759705
HI2.lex-smallest.trans!stringent.gain	1.0000000008096916
HI2.lex-smallest.trans!stringent.loss	0.9999999996289011
HI3.all.cds!inclusive.both	0.0006942186596314398
HI3.all.cds!inclusive.gain	0.029886685626582452
HI3.all.cds!inclusive.loss	0.08908948994398108
HI3.all.cds!stringent.both	0.9655562509288722
HI3.all.cds!stringent.gain	0.6141086314641996
HI3.all.cds!stringent.loss	0.9854702049568662
HI3.all.exon!inclusive.both	0.8253466801060453
HI3.all.exon!inclusive.gain	0.41369571841238784
HI3.all.exon!inclusive.loss	0.9992037038177174
HI3.all.exon!stringent.both	1.0000000492916397
HI3.all.exon!stringent.gain	0.8704811262129716
HI3.all.exon!stringent.loss	0.9999999927077184
HI3.all.intron!inclusive.both	0.8705549675598697
HI3.all.intron!inclusive.gain	0.5871395584909274
HI3.all.intron!inclusive.loss	0.9987688675656041
HI3.all.intron!stringent.both	0.9999998976584125
HI3.all.intron!stringent.gain	0.9158259249918513
HI3.all.intron!stringent.loss	0.999999990736151
HI3.all.trans!inclusive.both	2.834129553744929e-05
HI3.all.trans!inclusive.gain	0.0050752119256304825
HI3.all.trans!inclusive.loss	0.028657162242975615
HI3.all.trans!stringent.both	0.8299119161788789
HI3.all.trans!stringent.gain	0.3543033753383966
HI3.all.trans!stringent.loss	0.9448874411251826
HI3.lex-smallest.cds!inclusive.both	0.0010369831041792325
HI3.lex-smallest.cds!inclusive.gain	0.0563693818463088
HI3.lex-smallest.cds!inclusive.loss	0.08660702575559984
HI3.lex-smallest.cds!stringent.both	0.8884539913090783
HI3.lex-smallest.cds!stringent.gain	0.6413090528004457
HI3.lex-smallest.cds!stringent.loss	0.9367646317038465
HI3.lex-smallest.exon!inclusive.both	0.8371590060004152
HI3.lex-smallest.exon!inclusive.gain	0.49339222180181835
HI3.lex-smallest.exon!inclusive.loss	0.9991062856067279
HI3.lex-smallest.exon!stringent.both	1.000000010071648
HI3.lex-smallest.exon!stringent.gain	0.8988412106524557
HI3.lex-smallest.exon!stringent.loss	0.9999999928337925
HI3.lex-smallest.intron!inclusive.both	0.8847675918648009
HI3.lex-smallest.intron!inclusive.gain	0.721432696794874
HI3.lex-smallest.intron!inclusive.loss	0.9984958856542374
HI3.lex-smallest.intron!stringent.both	0.9999999399051992
HI3.lex-smallest.intron!stringent.gain	0.9509081231696768
HI3.lex-smallest.intron!stringent.loss	0.9999999912135673
HI3.lex-smallest.trans!inclusive.both	0.00012508516314286308
HI3.lex-smallest.trans!inclusive.gain	0.00727787174057994
HI3.lex-smallest.trans!inclusive.loss	0.0581660144835462
HI3.lex-smallest.trans!stringent.both	0.8407226867878094
HI3.lex-smallest.trans!stringent.gain	0.45952869674217683
HI3.lex-smallest.trans!stringent.loss	0.9416923902164901
HPO-dom.all.cds!inclusive.both	0.9756908070251574
HPO-dom.all.cds!inclusive.gain	0.3180520340911864
HPO-dom.all.cds!inclusive.loss	0.9957897558708885
HPO-dom.all.cds!stringent.both	0.9984016965222205
HPO-dom.all.cds!stringent.gain	0.7212870053322895
HPO-dom.all.cds!stringent.loss	0.9990476619336358
HPO-dom.all.exon!inclusive.both	0.6252352944764108
HPO-dom.all.exon!inclusive.gain	0.5057060330409376
HPO-dom.all.exon!inclusive.loss	0.6201267446852784
HPO-dom.all.exon!stringent.both	0.9978308433430159
HPO-dom.all.exon!stringent.gain	0.7083830687057899
HPO-dom.all.exon!stringent.loss	0.9979376816371042
HPO-dom.all.intron!inclusive.both	0.828678170366476
HPO-dom.all.intron!inclusive.gain	0.6816946084816419
HPO-dom.all.intron!inclusive.loss	0.7552650284789366
HPO-dom.all.intron!stringent.both	0.9969028623022346
HPO-dom.all.intron!stringent.gain	0.7062408927996358
HPO-dom.all.intron!stringent.loss	0.9978354790921254
HPO-dom.all.trans!inclusive.both	0.9928523821586765
HPO-dom.all.trans!inclusive.gain	0.3537323214607145
HPO-dom.all.trans!inclusive.loss	0.9996826957097162
HPO-dom.all.trans!stringent.both	0.9997597128379897
HPO-dom.all.trans!stringent.gain	0.9131297433700727
HPO-dom.all.trans!stringent.loss	0.999783330727049
HPO-dom.lex-smallest.cds!inclusive.both	0.9754921833797497
HPO-dom.lex-smallest.cds!inclusive.gain	0.3523909796968052
HPO-dom.lex-smallest.cds!inclusive.loss	0.9983926085340626
HPO-dom.lex-smallest.cds!stringent.both	0.9976510600043693
HPO-dom.lex-smallest.cds!stringent.gain	0.8485334574151963
HPO-dom.lex-smallest.cds!stringent.loss	0.9989714736318471
HPO-dom.lex-smallest.exon!inclusive.both	0.5468852711244566
HPO-dom.lex-smallest.exon!inclusive.gain	0.5537667445292754
HPO-dom.lex-smallest.exon!inclusive.loss	0.48240778043298393
HPO-dom.lex-smallest.exon!stringent.both	0.9888819541951845
HPO-dom.lex-smallest.exon!stringent.gain	0.6710490324716328
HPO-dom.lex-smallest.exon!stringent.loss	0.9941212895403796
HPO-dom.lex-smallest.intron!inclusive.both	0.7229712368318992
HPO-dom.lex-smallest.intron!inclusive.gain	0.6594512325380408
HPO-dom.lex-smallest.intron!inclusive.loss	0.6275315756467087
HPO-dom.lex-smallest.intron!stringent.both	0.9885091770446702
HPO-dom.lex-smallest.intron!stringent.gain	0.697869719770808
HPO-dom.lex-smallest.intron!stringent.loss	0.9935441755261628
HPO-dom.lex-smallest.trans!inclusive.both	0.9908950995317494
HPO-dom.lex-smallest.trans!inclusive.gain	0.3417438887103372
HPO-dom.lex-smallest.trans!inclusive.loss	0.9998664382357632
HPO-dom.lex-smallest.trans!stringent.both	0.9998305227762077
HPO-dom.lex-smallest.trans!stringent.gain	0.9613903448582033
HPO-dom.lex-smallest.trans!stringent.loss	0.9998991652260514
HPO-rec.all.cds!inclusive.both	0.9926119007069856
HPO-rec.all.cds!inclusive.gain	0.8009225350832823
HPO-rec.all.cds!inclusive.loss	0.9997671164545971
HPO-rec.all.cds!stringent.both	0.9999962640160729
HPO-rec.all.cds!stringent.gain	0.9956349899295619
HPO-rec.all.cds!stringent.loss	0.9999995223348972
HPO-rec.all.exon!inclusive.both	0.9995619202064845
HPO-rec.all.exon!inclusive.gain	0.8755346471779687
HPO-rec.all.exon!inclusive.loss	0.9999858929348429
HPO-rec.all.exon!stringent.both	1.0000000150246795
HPO-rec.all.exon!stringent.gain	0.8441171482677312
HPO-rec.all.exon!stringent.loss	0.9999999976466457
HPO-rec.all.intron!inclusive.both	0.9998072065329706
HPO-rec.all.intron!inclusive.gain	0.8811433024800004
HPO-rec.all.intron!inclusive.loss	0.9999926598415243
HPO-rec.all.intron!stringent.both	1.0000000023255367
HPO-rec.all.intron!stringent.gain	0.8139399574957915
HPO-rec.all.intron!stringent.loss	0.9999999980927581
HPO-rec.all.trans!inclusive.both	0.9676507998315068
HPO-rec.all.trans!inclusive.gain	0.6564304887295391
HPO-rec.all.trans!inclusive.loss	0.9988281350166683
HPO-rec.all.trans!stringent.both	0.9999899960909887
HPO-rec.all.trans!stringent.gain	0.9934048632516963
HPO-rec.all.trans!stringent.loss	0.9999981859341747
HPO-rec.lex-smallest.cds!inclusive.both	0.9990832650295745
HPO-rec.lex-smallest.cds!inclusive.gain	0.8826998870927831
HPO-rec.lex-smallest.cds!inclusive.loss	0.9999784767283848
HPO-rec.lex-smallest.cds!stringent.both	0.9999938609925928
HPO-rec.lex-smallest.cds!stringent.gain	0.9977273068181721
HPO-rec.lex-smallest.cds!stringent.loss	0.9999989369882467
HPO-rec.lex-smallest.exon!inclusive.both	0.999961052826938
HPO-rec.lex-smallest.exon!inclusive.gain	0.9418151226025995
HPO-rec.lex-smallest.exon!inclusive.loss	0.9999994617061768
HPO-rec.lex-smallest.exon!stringent.both	1.0000000133992273
HPO-rec.lex-smallest.exon!stringent.gain	0.8942661565890343
HPO-rec.lex-smallest.exon!stringent.loss	0.9999999979358937
HPO-rec.lex-smallest.intron!inclusive.both	0.9999824374835258
HPO-rec.lex-smallest.intron!inclusive.gain	0.9620049970300731
HPO-rec.lex-smallest.intron!inclusive.loss	0.9999996727886266
HPO-rec.lex-smallest.intron!stringent.both	1.000000011882432
HPO-rec.lex-smallest.intron!stringent.gain	0.904781667846344
HPO-rec.lex-smallest.intron!stringent.loss	0.9999999981367479
HPO-rec.lex-smallest.trans!inclusive.both	0.9973523996337235
HPO-rec.lex-smallest.trans!inclusive.gain	0.7896993679137877
HPO-rec.lex-smallest.trans!inclusive.loss	0.9999525056346971
HPO-rec.lex-smallest.trans!stringent.both	0.999995410232845
HPO-rec.lex-smallest.trans!stringent.gain	0.9976117467761458
HPO-rec.lex-smallest.trans!stringent.loss	0.9999990142564472
ISCA-gain.all.cds!inclusive.both	0.10208099759252148
ISCA-gain.all.cds!inclusive.gain	0.7796763291937466
ISCA-gain.all.cds!inclusive.loss	0.0547675718798362
ISCA-gain.all.cds!stringent.both	0.6921565504526054
ISCA-gain.all.cds!stringent.gain	0.8465988128491867
ISCA-gain.all.cds!stringent.loss	0.6193202849838291
ISCA-gain.all.exon!inclusive.both	0.020054597674850135
ISCA-gain.all.exon!inclusive.gain	0.45036740695271643
ISCA-gain.all.exon!inclusive.loss	0.0072077650260910335
ISCA-gain.all.exon!stringent.both	0.9865466334746248
ISCA-gain.all.exon!stringent.gain	0.8402591423750388
ISCA-gain.all.exon!stringent.loss	0.9588781414328063
ISCA-gain.all.intron!inclusive.both	0.02480703134215259
ISCA-gain.all.intron!inclusive.gain	0.5259697037878794
ISCA-gain.all.intron!inclusive.loss	0.009473855816294889
ISCA-gain.all.intron!stringent.both	0.979009600875977
ISCA-gain.all.intron!stringent.gain	0.8837776616165051
ISCA-gain.all.intron!stringent.loss	0.9545238093881186
ISCA-gain.all.trans!inclusive.both	0.3726387719166658
ISCA-gain.all.trans!inclusive.gain	0.7226181518189533
ISCA-gain.all.trans!inclusive.loss	0.26052046524539046
ISCA-gain.all.trans!stringent.both	0.6662057443054646
ISCA-gain.all.trans!stringent.gain	0.8955018097369557
ISCA-gain.all.trans!stringent.loss	0.5923795147841235
ISCA-gain.lex-smallest.cds!inclusive.both	0.27975296965887797
ISCA-gain.lex-smallest.cds!inclusive.gain	0.9063518642852928
ISCA-gain.lex-smallest.cds!inclusive.loss	0.18147412503955482
ISCA-gain.lex-smallest.cds!stringent.both	0.8688734604005234
ISCA-gain.lex-smallest.cds!stringent.gain	0.9999999999833125
ISCA-gain.lex-smallest.cds!stringent.loss	0.8243719622588973
ISCA-gain.lex-smallest.exon!inclusive.both	0.021910281714075296
ISCA-gain.lex-smallest.exon!inclusive.gain	0.6527631747996292
ISCA-gain.lex-smallest.exon!inclusive.loss	0.00410883282481966
ISCA-gain.lex-smallest.exon!stringent.both	0.9929616539186247
ISCA-gain.lex-smallest.exon!stringent.gain	0.9999999994846938
ISCA-gain.lex-smallest.exon!stringent.loss	0.9786733591490545
ISCA-gain.lex-smallest.intron!inclusive.both	0.026426229474191574
ISCA-gain.lex-smallest.intron!inclusive.gain	0.7125143682035721
ISCA-gain.lex-smallest.intron!inclusive.loss	0.005449217209550454
ISCA-gain.lex-smallest.intron!stringent.both	0.9853340343343071
ISCA-gain.lex-smallest.intron!stringent.gain	0.9999999995109321
ISCA-gain.lex-smallest.intron!stringent.loss	0.9690491050016349
ISCA-gain.lex-smallest.trans!inclusive.both	0.4547914515792148
ISCA-gain.lex-smallest.trans!inclusive.gain	0.9532995021439341
ISCA-gain.lex-smallest.trans!inclusive.loss	0.33331475355970924
ISCA-gain.lex-smallest.trans!stringent.both	0.8235588968303709
ISCA-gain.lex-smallest.trans!stringent.gain	0.9999999999833123
ISCA-gain.lex-smallest.trans!stringent.loss	0.7702986023080388
ISCA-loss.all.cds!inclusive.both	0.9967023273251733
ISCA-loss.all.cds!inclusive.gain	0.7186338860590044
ISCA-loss.all.cds!inclusive.loss	0.9992725055483316
ISCA-loss.all.cds!stringent.both	0.9999874267314804
ISCA-loss.all.cds!stringent.gain	0.9177776128497682
ISCA-loss.all.cds!stringent.loss	0.9999813725600635
ISCA-loss.all.exon!inclusive.both	0.9531307646863275
ISCA-loss.all.exon!inclusive.gain	0.3425675495972729
ISCA-loss.all.exon!inclusive.loss	0.997586420900312
ISCA-loss.all.exon!stringent.both	0.9962725504250656
ISCA-loss.all.exon!stringent.gain	0.5055577709399449
ISCA-loss.all.exon!stringent.loss	0.9994789808582775
ISCA-loss.all.intron!inclusive.both	0.9921926432692701
ISCA-loss.all.intron!inclusive.gain	0.5492047112566131
ISCA-loss.all.intron!inclusive.loss	0.9995528377324658
ISCA-loss.all.intron!stringent.both	0.9990359200015463
ISCA-loss.all.intron!stringent.gain	0.530587604095502
ISCA-loss.all.intron!stringent.loss	0.9999172985600704
ISCA-loss.all.trans!inclusive.both	0.9997263972370151
ISCA-loss.all.trans!inclusive.gain	0.6021534975898134
ISCA-loss.all.trans!inclusive.loss	0.9999883364886855
ISCA-loss.all.trans!stringent.both	0.9999990604899114
ISCA-loss.all.trans!stringent.gain	0.9636144179616233
ISCA-loss.all.trans!stringent.loss	0.9999984393576159
ISCA-loss.lex-smallest.cds!inclusive.both	0.998243511321413
ISCA-loss.lex-smallest.cds!inclusive.gain	0.8393595340936625
ISCA-loss.lex-smallest.cds!inclusive.loss	0.9997851436916636
ISCA-loss.lex-smallest.cds!stringent.both	0.9999970525262637
ISCA-loss.lex-smallest.cds!stringent.gain	0.9651342656029216
ISCA-loss.lex-smallest.cds!stringent.loss	0.9999970681479469
ISCA-loss.lex-smallest.exon!inclusive.both	0.9467454768795529
ISCA-loss.lex-smallest.exon!inclusive.gain	0.3801821651804334
ISCA-loss.lex-smallest.exon!inclusive.loss	0.9969447566119847
ISCA-loss.lex-smallest.exon!stringent.both	0.9905613110848122
ISCA-loss.lex-smallest.exon!stringent.gain	0.47270882925008345
ISCA-loss.lex-smallest.exon!stringent.loss	0.9994184846604315
ISCA-loss.lex-smallest.intron!inclusive.both	0.9825592965977218
ISCA-loss.lex-smallest.intron!inclusive.gain	0.5736622512524
ISCA-loss.lex-smallest.intron!inclusive.loss	0.9983496680545703
ISCA-loss.lex-smallest.intron!stringent.both	0.998225212411954
ISCA-loss.lex-smallest.intron!stringent.gain	0.528161155329672
ISCA-loss.lex-smallest.intron!stringent.loss	0.9999278768212827
ISCA-loss.lex-smallest.trans!inclusive.both	0.9997594410691152
ISCA-loss.lex-smallest.trans!inclusive.gain	0.7732790368773099
ISCA-loss.lex-smallest.trans!inclusive.loss	0.9999973081568185
ISCA-loss.lex-smallest.trans!stringent.both	0.9999998762261347
ISCA-loss.lex-smallest.trans!stringent.gain	0.9873402019868608
ISCA-loss.lex-smallest.trans!stringent.loss	0.9999998683183506
No-phen.all.cds!inclusive.both	2.693827773765743e-06
No-phen.all.cds!inclusive.gain	4.9978211958807116e-06
No-phen.all.cds!inclusive.loss	0.007894739023177352
No-phen.all.cds!stringent.both	0.041349553651536
No-phen.all.cds!stringent.gain	0.0006426491268637875
No-phen.all.cds!stringent.loss	0.2358390564448246
No-phen.all.exon!inclusive.both	0.003495419342730358
No-phen.all.exon!inclusive.gain	1.109304558214399e-05
No-phen.all.exon!inclusive.loss	0.4712528839349401
No-phen.all.exon!stringent.both	0.3721022271217114
No-phen.all.exon!stringent.gain	0.019280773704912494
No-phen.all.exon!stringent.loss	0.8436947110909725
No-phen.all.intron!inclusive.both	0.18128730176005534
No-phen.all.intron!inclusive.gain	0.0003077224238474686
No-phen.all.intron!inclusive.loss	0.9606242262083051
No-phen.all.intron!stringent.both	0.7255274835335292
No-phen.all.intron!stringent.gain	0.04394796457473565
No-phen.all.intron!stringent.loss	0.9825874485339843
No-phen.all.trans!inclusive.both	1.6999753213937684e-07
No-phen.all.trans!inclusive.gain	2.643487200895508e-07
No-phen.all.trans!inclusive.loss	0.007652059176770356
No-phen.all.trans!stringent.both	0.029959487538361813
No-phen.all.trans!stringent.gain	0.0002951347789113552
No-phen.all.trans!stringent.loss	0.24770992811880038
No-phen.lex-smallest.cds!inclusive.both	2.3819713083705196e-05
No-phen.lex-smallest.cds!inclusive.gain	2.3066723698973475e-05
No-phen.lex-smallest.cds!inclusive.loss	0.015308780929510817
No-phen.lex-smallest.cds!stringent.both	0.02773018731262012
No-phen.lex-smallest.cds!stringent.gain	0.0025524545262791314
No-phen.lex-smallest.cds!stringent.loss	0.11827188210824958
No-phen.lex-smallest.exon!inclusive.both	0.015504818129074954
No-phen.lex-smallest.exon!inclusive.gain	4.0236705539637726e-05
No-phen.lex-smallest.exon!inclusive.loss	0.7080791997392544
No-phen.lex-smallest.exon!stringent.both	0.5927092290063021
No-phen.lex-smallest.exon!stringent.gain	0.03668740849095009
No-phen.lex-smallest.exon!stringent.loss	0.9542699317838057
No-phen.lex-smallest.intron!inclusive.both	0.3208948815054259
No-phen.lex-smallest.intron!inclusive.gain	0.0016788342685078736
No-phen.lex-smallest.intron!inclusive.loss	0.9798805481025823
No-phen.lex-smallest.intron!stringent.both	0.9119237930164608
No-phen.lex-smallest.intron!stringent.gain	0.10910324199038803
No-phen.lex-smallest.intron!stringent.loss	0.9974777514355918
No-phen.lex-smallest.trans!inclusive.both	5.983160656015218e-06
No-phen.lex-smallest.trans!inclusive.gain	8.616305424334301e-07
No-phen.lex-smallest.trans!inclusive.loss	0.0392787896932597
No-phen.lex-smallest.trans!stringent.both	0.10024714756876348
No-phen.lex-smallest.trans!stringent.gain	0.002234215612500619
No-phen.lex-smallest.trans!stringent.loss	0.3954654813792143
Non-cod.all.cds!inclusive.both	0.0023920079924236253
Non-cod.all.cds!inclusive.gain	0.0030572761456402757
Non-cod.all.cds!inclusive.loss	0.1441783177075816
Non-cod.all.cds!stringent.both	0.11090255078041666
Non-cod.all.cds!stringent.gain	0.061388557771644495
Non-cod.all.cds!stringent.loss	0.4313510731021099
Non-cod.all.exon!inclusive.both	1.868223049814491e-66
Non-cod.all.exon!inclusive.gain	5.505572912541748e-34
Non-cod.all.exon!inclusive.loss	1.7467546733515989e-40
Non-cod.all.exon!stringent.both	6.522790847460048e-45
Non-cod.all.exon!stringent.gain	3.8227633008441274e-20
Non-cod.all.exon!stringent.loss	1.860799336999181e-28
Non-cod.all.intron!inclusive.both	1.6444770068078588e-53
Non-cod.all.intron!inclusive.gain	9.831812453007977e-34
Non-cod.all.intron!inclusive.loss	7.973043215050956e-33
Non-cod.all.intron!stringent.both	3.785892588789425e-43
Non-cod.all.intron!stringent.gain	8.99281992998513e-24
Non-cod.all.intron!stringent.loss	6.186535559462137e-27
Non-cod.all.trans!inclusive.both	1.1078612209649038e-13
Non-cod.all.trans!inclusive.gain	3.192140691705388e-08
Non-cod.all.trans!inclusive.loss	1.0343077289658711e-06
Non-cod.all.trans!stringent.both	9.999034835718175e-08
Non-cod.all.trans!stringent.gain	0.0007814530092058267
Non-cod.all.trans!stringent.loss	2.2174637391026855e-05
Non-cod.lex-smallest.cds!inclusive.both	0.007292842600026951
Non-cod.lex-smallest.cds!inclusive.gain	0.015802821842503523
Non-cod.lex-smallest.cds!inclusive.loss	0.0902295735381436
Non-cod.lex-smallest.cds!stringent.both	0.10237915507603372
Non-cod.lex-smallest.cds!stringent.gain	0.09095709839616688
Non-cod.lex-smallest.cds!stringent.loss	0.32191367992227665
Non-cod.lex-smallest.exon!inclusive.both	6.301404429461821e-62
Non-cod.lex-smallest.exon!inclusive.gain	9.18660092032348e-32
Non-cod.lex-smallest.exon!inclusive.loss	2.700423501222629e-39
Non-cod.lex-smallest.exon!stringent.both	3.601982199820341e-42
Non-cod.lex-smallest.exon!stringent.gain	1.3496725257313213e-18
Non-cod.lex-smallest.exon!stringent.loss	3.853223495606113e-28
Non-cod.lex-smallest.intron!inclusive.both	5.0759142865706855e-50
Non-cod.lex-smallest.intron!inclusive.gain	1.8760997241214597e-31
Non-cod.lex-smallest.intron!inclusive.loss	9.742734698329673e-32
Non-cod.lex-smallest.intron!stringent.both	3.614013551702277e-40
Non-cod.lex-smallest.intron!stringent.gain	7.713216933469493e-22
Non-cod.lex-smallest.intron!stringent.loss	2.7492830232299264e-26
Non-cod.lex-smallest.trans!inclusive.both	2.2031145966797772e-13
Non-cod.lex-smallest.trans!inclusive.gain	1.0916992789494794e-07
Non-cod.lex-smallest.trans!inclusive.loss	1.42384846272784e-06
Non-cod.lex-smallest.trans!stringent.both	2.0989175105851513e-07
Non-cod.lex-smallest.trans!stringent.gain	0.0011172947648269494
Non-cod.lex-smallest.trans!stringent.loss	3.1237350699575824e-05
OMIM.all.cds!inclusive.both	0.9929968991717436
OMIM.all.cds!inclusive.gain	0.5807775103869597
OMIM.all.cds!inclusive.loss	0.9999511744596438
OMIM.all.cds!stringent.both	0.9999999658545334
OMIM.all.cds!stringent.gain	0.991655116642651
OMIM.all.cds!stringent.loss	0.9999999926971892
OMIM.all.exon!inclusive.both	0.9999399045695906
OMIM.all.exon!inclusive.gain	0.8166714126689224
OMIM.all.exon!inclusive.loss	0.999998701101955
OMIM.all.exon!stringent.both	1.0000000373687747
OMIM.all.exon!stringent.gain	0.9483139125218124
OMIM.all.exon!stringent.loss	0.9999999996360509
OMIM.all.intron!inclusive.both	0.9999873217246017
OMIM.all.intron!inclusive.gain	0.909539313187958
OMIM.all.intron!inclusive.loss	0.9999995613043368
OMIM.all.intron!stringent.both	1.0000000317090174
OMIM.all.intron!stringent.gain	0.9529656268930068
OMIM.all.intron!stringent.loss	1.0000000000050389
OMIM.all.trans!inclusive.both	0.9915400056442574
OMIM.all.trans!inclusive.gain	0.5653592998666457
OMIM.all.trans!inclusive.loss	0.9999437718081169
OMIM.all.trans!stringent.both	0.99999999099867
OMIM.all.trans!stringent.gain	0.9980122034020902
OMIM.all.trans!stringent.loss	0.999999992969161
OMIM.lex-smallest.cds!inclusive.both	0.9983215416912531
OMIM.lex-smallest.cds!inclusive.gain	0.7666841222712583
OMIM.lex-smallest.cds!inclusive.loss	0.9999945158323221
OMIM.lex-smallest.cds!stringent.both	0.9999999309995173
OMIM.lex-smallest.cds!stringent.gain	0.9919556373529513
OMIM.lex-smallest.cds!stringent.loss	0.9999999940803636
OMIM.lex-smallest.exon!inclusive.both	0.9999953044605844
OMIM.lex-smallest.exon!inclusive.gain	0.9234513322047526
OMIM.lex-smallest.exon!inclusive.loss	0.999999591683073
OMIM.lex-smallest.exon!stringent.both	1.0000000321240203
OMIM.lex-smallest.exon!stringent.gain	0.9366641748686451
OMIM.lex-smallest.exon!stringent.loss	1.0000000003780662
OMIM.lex-smallest.intron!inclusive.both	0.999998518848662
OMIM.lex-smallest.intron!inclusive.gain	0.9723926027525585
OMIM.lex-smallest.intron!inclusive.loss	0.999999792200741
OMIM.lex-smallest.intron!stringent.both	1.0000000298759062
OMIM.lex-smallest.intron!stringent.gain	0.9571098408520122
OMIM.lex-smallest.intron!stringent.loss	1.0000000004512275
OMIM.lex-smallest.trans!inclusive.both	0.9984863967478468
OMIM.lex-smallest.trans!inclusive.gain	0.7729837132860758
OMIM.lex-smallest.trans!inclusive.loss	0.9999964112765669
OMIM.lex-smallest.trans!stringent.both	0.9999999961261801
OMIM.lex-smallest.trans!stringent.gain	0.9989113723144379
OMIM.lex-smallest.trans!stringent.loss	0.9999999982912067
Paralogs.all.cds!inclusive.both	9.839750110690514e-49
Paralogs.all.cds!inclusive.gain	7.414121167702468e-38
Paralogs.all.cds!inclusive.loss	3.3095914708702246e-37
Paralogs.all.cds!stringent.both	4.065284453545523e-52
Paralogs.all.cds!stringent.gain	1.9559962171035455e-33
Paralogs.all.cds!stringent.loss	1.1055283779109456e-36
Paralogs.all.exon!inclusive.both	1.8197053040408677e-72
Paralogs.all.exon!inclusive.gain	1.4708727784931441e-41
Paralogs.all.exon!inclusive.loss	6.2735590908230074e-58
Paralogs.all.exon!stringent.both	3.6384675225624115e-66
Paralogs.all.exon!stringent.gain	2.487079178430579e-32
Paralogs.all.exon!stringent.loss	3.842366191706833e-48
Paralogs.all.intron!inclusive.both	3.0733933996288727e-56
Paralogs.all.intron!inclusive.gain	2.3798739406764583e-34
Paralogs.all.intron!inclusive.loss	3.2134995457951545e-43
Paralogs.all.intron!stringent.both	5.461841883022873e-52
Paralogs.all.intron!stringent.gain	8.75298898812802e-27
Paralogs.all.intron!stringent.loss	1.5386002730167637e-36
Paralogs.all.trans!inclusive.both	5.724702037448902e-45
Paralogs.all.trans!inclusive.gain	1.1147940097316453e-37
Paralogs.all.trans!inclusive.loss	1.4304360228958656e-35
Paralogs.all.trans!stringent.both	1.2969527329845401e-49
Paralogs.all.trans!stringent.gain	4.2147745232705475e-33
Paralogs.all.trans!stringent.loss	1.580051129300619e-35
Paralogs.lex-smallest.cds!inclusive.both	6.18496044275651e-44
Paralogs.lex-smallest.cds!inclusive.gain	5.481179259042657e-35
Paralogs.lex-smallest.cds!inclusive.loss	7.107393433118638e-34
Paralogs.lex-smallest.cds!stringent.both	2.9131895283542655e-46
Paralogs.lex-smallest.cds!stringent.gain	4.425155454173086e-29
Paralogs.lex-smallest.cds!stringent.loss	1.1920928785745531e-32
Paralogs.lex-smallest.exon!inclusive.both	7.412580637377772e-67
Paralogs.lex-smallest.exon!inclusive.gain	1.4692104091805612e-39
Paralogs.lex-smallest.exon!inclusive.loss	1.2660695358178128e-51
Paralogs.lex-smallest.exon!stringent.both	3.176892980322127e-61
Paralogs.lex-smallest.exon!stringent.gain	2.842193181015397e-30
Paralogs.lex-smallest.exon!stringent.loss	1.4106583577661543e-43
Paralogs.lex-smallest.intron!inclusive.both	5.8352868388709665e-55
Paralogs.lex-smallest.intron!inclusive.gain	1.7243663807899858e-34
Paralogs.lex-smallest.intron!inclusive.loss	1.448138119090956e-41
Paralogs.lex-smallest.intron!stringent.both	2.0530712049880293e-50
Paralogs.lex-smallest.intron!stringent.gain	5.928232587041346e-26
Paralogs.lex-smallest.intron!stringent.loss	1.417540913349523e-34
Paralogs.lex-smallest.trans!inclusive.both	6.653898010254502e-41
Paralogs.lex-smallest.trans!inclusive.gain	1.092491842041871e-34
Paralogs.lex-smallest.trans!inclusive.loss	6.084569198104489e-32
Paralogs.lex-smallest.trans!stringent.both	8.929272585420873e-44
Paralogs.lex-smallest.trans!stringent.gain	1.3579170227557917e-28
Paralogs.lex-smallest.trans!stringent.loss	4.754316126153367e-31
Prot-cod.all.cds!inclusive.both	0.4399055486641729
Prot-cod.all.cds!inclusive.gain	0.02506518160180997
Prot-cod.all.cds!inclusive.loss	0.9992622866305312
Prot-cod.all.cds!stringent.both	0.9999998998683173
Prot-cod.all.cds!stringent.gain	0.6509408709549978
Prot-cod.all.cds!stringent.loss	0.9999999990269857
Prot-cod.all.exon!inclusive.both	0.9986761678386773
Prot-cod.all.exon!inclusive.gain	0.15812325975609626
Prot-cod.all.exon!inclusive.loss	1.0000000147836106
Prot-cod.all.exon!stringent.both	1.0000001568788948
Prot-cod.all.exon!stringent.gain	0.8256634911571809
Prot-cod.all.exon!stringent.loss	0.9999999967153846
Prot-cod.all.intron!inclusive.both	0.9999976998618944
Prot-cod.all.intron!inclusive.gain	0.4853656129843742
Prot-cod.all.intron!inclusive.loss	1.0000000130314224
Prot-cod.all.intron!stringent.both	1.0000001282584312
Prot-cod.all.intron!stringent.gain	0.9025379837403777
Prot-cod.all.intron!stringent.loss	0.9999999969827719
Prot-cod.all.trans!inclusive.both	0.36794107643183954
Prot-cod.all.trans!inclusive.gain	0.018992075590549887
Prot-cod.all.trans!inclusive.loss	0.9992163742843929
Prot-cod.all.trans!stringent.both	0.9999999063452503
Prot-cod.all.trans!stringent.gain	0.6843211105670614
Prot-cod.all.trans!stringent.loss	0.9999999994793318
Prot-cod.lex-smallest.cds!inclusive.both	0.6843775260356207
Prot-cod.lex-smallest.cds!inclusive.gain	0.04458368740403754
Prot-cod.lex-smallest.cds!inclusive.loss	0.999831574664173
Prot-cod.lex-smallest.cds!stringent.both	0.9999996463401241
Prot-cod.lex-smallest.cds!stringent.gain	0.7231674620084093
Prot-cod.lex-smallest.cds!stringent.loss	0.9999999951546082
Prot-cod.lex-smallest.exon!inclusive.both	0.9996389006750755
Prot-cod.lex-smallest.exon!inclusive.gain	0.2140176842879292
Prot-cod.lex-smallest.exon!inclusive.loss	1.0000000146828616
Prot-cod.lex-smallest.exon!stringent.both	1.0000001363013604
Prot-cod.lex-smallest.exon!stringent.gain	0.8432285370108225
Prot-cod.lex-smallest.exon!stringent.loss	0.9999999958236608
Prot-cod.lex-smallest.intron!inclusive.both	0.9999997247513093
Prot-cod.lex-smallest.intron!inclusive.gain	0.6465143217120913
Prot-cod.lex-smallest.intron!inclusive.loss	1.000000013087483
Prot-cod.lex-smallest.intron!stringent.both	1.0000001242714234
Prot-cod.lex-smallest.intron!stringent.gain	0.9454772731292245
Prot-cod.lex-smallest.intron!stringent.loss	0.999999996368809
Prot-cod.lex-smallest.trans!inclusive.both	0.7166014112232116
Prot-cod.lex-smallest.trans!inclusive.gain	0.028559063594550616
Prot-cod.lex-smallest.trans!inclusive.loss	0.9999763559432677
Prot-cod.lex-smallest.trans!stringent.both	1.0000000090986272
Prot-cod.lex-smallest.trans!stringent.gain	0.7941383845976387
Prot-cod.lex-smallest.trans!stringent.loss	0.9999999995442383
embryonic-lethal.all.cds!inclusive.both	0.9169981275951427
embryonic-lethal.all.cds!inclusive.gain	0.531228278022138
embryonic-lethal.all.cds!inclusive.loss	0.9919808116342996
embryonic-lethal.all.cds!stringent.both	0.9989368739756967
embryonic-lethal.all.cds!stringent.gain	0.9430544710572316
embryonic-lethal.all.cds!stringent.loss	0.9999125337886637
embryonic-lethal.all.exon!inclusive.both	0.9959128343664491
embryonic-lethal.all.exon!inclusive.gain	0.718395749435749
embryonic-lethal.all.exon!inclusive.loss	0.9999977198006077
embryonic-lethal.all.exon!stringent.both	0.9998988828917745
embryonic-lethal.all.exon!stringent.gain	0.9710619612450477
embryonic-lethal.all.exon!stringent.loss	0.9999965040877524
embryonic-lethal.all.intron!inclusive.both	0.9991382384389116
embryonic-lethal.all.intron!inclusive.gain	0.8586601183199157
embryonic-lethal.all.intron!inclusive.loss	0.9999967630633397
embryonic-lethal.all.intron!stringent.both	0.9999265489235214
embryonic-lethal.all.intron!stringent.gain	0.9810970097458438
embryonic-lethal.all.intron!stringent.loss	0.9999924250154464
embryonic-lethal.all.trans!inclusive.both	0.9598179298263937
embryonic-lethal.all.trans!inclusive.gain	0.48279734633871263
embryonic-lethal.all.trans!inclusive.loss	0.999332900056795
embryonic-lethal.all.trans!stringent.both	0.9999305338420764
embryonic-lethal.all.trans!stringent.gain	0.9702417919473206
embryonic-lethal.all.trans!stringent.loss	0.9999920598371639
embryonic-lethal.lex-smallest.cds!inclusive.both	0.7417707783590974
embryonic-lethal.lex-smallest.cds!inclusive.gain	0.5192214768102191
embryonic-lethal.lex-smallest.cds!inclusive.loss	0.9481406801455137
embryonic-lethal.lex-smallest.cds!stringent.both	0.9960943714323403
embryonic-lethal.lex-smallest.cds!stringent.gain	0.9395676847082176
embryonic-lethal.lex-smallest.cds!stringent.loss	0.9994478817165507
embryonic-lethal.lex-smallest.exon!inclusive.both	0.9990478028635011
embryonic-lethal.lex-smallest.exon!inclusive.gain	0.7480735917679049
embryonic-lethal.lex-smallest.exon!inclusive.loss	0.9999997667870597
embryonic-lethal.lex-smallest.exon!stringent.both	0.9999983149341333
embryonic-lethal.lex-smallest.exon!stringent.gain	0.9779233741271293
embryonic-lethal.lex-smallest.exon!stringent.loss	0.9999999878901188
embryonic-lethal.lex-smallest.intron!inclusive.both	0.9991579650731063
embryonic-lethal.lex-smallest.intron!inclusive.gain	0.8096137492251713
embryonic-lethal.lex-smallest.intron!inclusive.loss	0.9999974560164516
embryonic-lethal.lex-smallest.intron!stringent.both	0.9999898478219705
embryonic-lethal.lex-smallest.intron!stringent.gain	0.9825657504372198
embryonic-lethal.lex-smallest.intron!stringent.loss	0.9999991116586024
embryonic-lethal.lex-smallest.trans!inclusive.both	0.940057083912884
embryonic-lethal.lex-smallest.trans!inclusive.gain	0.5963775527070783
embryonic-lethal.lex-smallest.trans!inclusive.loss	0.9957706328863435
embryonic-lethal.lex-smallest.trans!stringent.both	0.9994944462157803
embryonic-lethal.lex-smallest.trans!stringent.gain	0.9672561689077328
embryonic-lethal.lex-smallest.trans!stringent.loss	0.9998964476626553
phen.all.cds!inclusive.both	0.9999967888510505
phen.all.cds!inclusive.gain	0.8903117829331599
phen.all.cds!inclusive.loss	1.0000000012184946
phen.all.cds!stringent.both	1.0000000063334196
phen.all.cds!stringent.gain	0.9999962717873165
phen.all.cds!stringent.loss	0.999999999298386
phen.all.exon!inclusive.both	1.0000000461043497
phen.all.exon!inclusive.gain	0.9745312954016844
phen.all.exon!inclusive.loss	1.0000000090842376
phen.all.exon!stringent.both	1.0000000835698544
phen.all.exon!stringent.gain	0.9992027997867491
phen.all.exon!stringent.loss	0.9999999960560003
phen.all.intron!inclusive.both	1.0000000382561165
phen.all.intron!inclusive.gain	0.9957763305747265
phen.all.intron!inclusive.loss	1.0000000076854305
phen.all.intron!stringent.both	1.0000000694198903
phen.all.intron!stringent.gain	0.9993167165748215
phen.all.intron!stringent.loss	0.9999999970395193
phen.all.trans!inclusive.both	0.9999995240158819
phen.all.trans!inclusive.gain	0.9311073801499682
phen.all.trans!inclusive.loss	1.0000000011578118
phen.all.trans!stringent.both	1.0000000062940737
phen.all.trans!stringent.gain	0.999998413635792
phen.all.trans!stringent.loss	0.9999999993261453
phen.lex-smallest.cds!inclusive.both	0.9999997697998833
phen.lex-smallest.cds!inclusive.gain	0.9162613358099134
phen.lex-smallest.cds!inclusive.loss	1.0000000011913357
phen.lex-smallest.cds!stringent.both	1.000000006127108
phen.lex-smallest.cds!stringent.gain	0.9999986231252439
phen.lex-smallest.cds!stringent.loss	0.9999999993436813
phen.lex-smallest.exon!inclusive.both	1.0000000407883594
phen.lex-smallest.exon!inclusive.gain	0.979245922547154
phen.lex-smallest.exon!inclusive.loss	1.0000000079548115
phen.lex-smallest.exon!stringent.both	1.0000000723786273
phen.lex-smallest.exon!stringent.gain	0.9989098890540217
phen.lex-smallest.exon!stringent.loss	0.9999999968762753
phen.lex-smallest.intron!inclusive.both	1.0000000369596962
phen.lex-smallest.intron!inclusive.gain	0.9975736975670001
phen.lex-smallest.intron!inclusive.loss	1.0000000070168025
phen.lex-smallest.intron!stringent.both	1.0000000667299285
phen.lex-smallest.intron!stringent.gain	0.9996394033496118
phen.lex-smallest.intron!stringent.loss	0.9999999974245818
phen.lex-smallest.trans!inclusive.both	0.9999999937920473
phen.lex-smallest.trans!inclusive.gain	0.9525242452174058
phen.lex-smallest.trans!inclusive.loss	1.000000001143503
phen.lex-smallest.trans!stringent.both	1.0000000060881322
phen.lex-smallest.trans!stringent.gain	0.999999563995475
phen.lex-smallest.trans!stringent.loss	0.999999999368684
